"Statistic Label","Year","Ireland","UNIT","VALUE"
"Marriages","1923","Ireland","Number","15632"
"Marriages","1924","Ireland","Number","14822"
"Marriages","1925","Ireland","Number","13820"
"Marriages","1926","Ireland","Number","13570"
"Marriages","1927","Ireland","Number","13418"
"Marriages","1928","Ireland","Number","13716"
"Marriages","1929","Ireland","Number","13593"
"Marriages","1930","Ireland","Number","13631"
"Marriages","1931","Ireland","Number","13133"
"Marriages","1932","Ireland","Number","13029"
"Marriages","1933","Ireland","Number","13992"
"Marriages","1934","Ireland","Number","14251"
"Marriages","1935","Ireland","Number","14336"
"Marriages","1936","Ireland","Number","14763"
"Marriages","1937","Ireland","Number","14780"
"Marriages","1938","Ireland","Number","14893"
"Marriages","1939","Ireland","Number","15204"
"Marriages","1940","Ireland","Number","15212"
"Marriages","1941","Ireland","Number","15021"
"Marriages","1942","Ireland","Number","17470"
"Marriages","1943","Ireland","Number","17328"
"Marriages","1944","Ireland","Number","16772"
"Marriages","1945","Ireland","Number","17301"
"Marriages","1946","Ireland","Number","17525"
"Marriages","1947","Ireland","Number","16290"
"Marriages","1948","Ireland","Number","16115"
"Marriages","1949","Ireland","Number","16009"
"Marriages","1950","Ireland","Number","16018"
"Marriages","1951","Ireland","Number","16017"
"Marriages","1952","Ireland","Number","15876"
"Marriages","1953","Ireland","Number","15888"
"Marriages","1954","Ireland","Number","15831"
"Marriages","1955","Ireland","Number","16443"
"Marriages","1956","Ireland","Number","16761"
"Marriages","1957","Ireland","Number","14657"
"Marriages","1958","Ireland","Number","15061"
"Marriages","1959","Ireland","Number","15420"
"Marriages","1960","Ireland","Number","15465"
"Marriages","1961","Ireland","Number","15329"
"Marriages","1962","Ireland","Number","15627"
"Marriages","1963","Ireland","Number","15556"
"Marriages","1964","Ireland","Number","16128"
"Marriages","1965","Ireland","Number","16946"
"Marriages","1966","Ireland","Number","16849"
"Marriages","1967","Ireland","Number","17788"
"Marriages","1968","Ireland","Number","18993"
"Marriages","1969","Ireland","Number","20304"
"Marriages","1970","Ireland","Number","20778"
"Marriages","1971","Ireland","Number","22014"
"Marriages","1972","Ireland","Number","22302"
"Marriages","1973","Ireland","Number","22816"
"Marriages","1974","Ireland","Number","22833"
"Marriages","1975","Ireland","Number","21280"
"Marriages","1976","Ireland","Number","20580"
"Marriages","1977","Ireland","Number","20016"
"Marriages","1978","Ireland","Number","21184"
"Marriages","1979","Ireland","Number","20806"
"Marriages","1980","Ireland","Number","21792"
"Marriages","1981","Ireland","Number","20612"
"Marriages","1982","Ireland","Number","20224"
"Marriages","1983","Ireland","Number","19467"
"Marriages","1984","Ireland","Number","18513"
"Marriages","1985","Ireland","Number","18791"
"Marriages","1986","Ireland","Number","18573"
"Marriages","1987","Ireland","Number","18309"
"Marriages","1988","Ireland","Number","18382"
"Marriages","1989","Ireland","Number","18174"
"Marriages","1990","Ireland","Number","17490"
"Marriages","1991","Ireland","Number","17441"
"Marriages","1992","Ireland","Number","16636"
"Marriages","1993","Ireland","Number","16824"
"Marriages","1994","Ireland","Number","16621"
"Marriages","1995","Ireland","Number","15604"
"Marriages","1996","Ireland","Number","16255"
"Marriages","1997","Ireland","Number","15631"
"Births, Male","1923","Ireland","Number","31808"
"Births, Male","1924","Ireland","Number","32713"
"Births, Male","1925","Ireland","Number","31818"
"Births, Male","1926","Ireland","Number","31382"
"Births, Male","1927","Ireland","Number","30606"
"Births, Male","1928","Ireland","Number","30327"
"Births, Male","1929","Ireland","Number","29583"
"Births, Male","1930","Ireland","Number","29913"
"Births, Male","1931","Ireland","Number","29409"
"Births, Male","1932","Ireland","Number","28842"
"Births, Male","1933","Ireland","Number","29381"
"Births, Male","1934","Ireland","Number","29825"
"Births, Male","1935","Ireland","Number","29898"
"Births, Male","1936","Ireland","Number","29602"
"Births, Male","1937","Ireland","Number","28893"
"Births, Male","1938","Ireland","Number","29108"
"Births, Male","1939","Ireland","Number","28804"
"Births, Male","1940","Ireland","Number","29029"
"Births, Male","1941","Ireland","Number","29198"
"Births, Male","1942","Ireland","Number","34013"
"Births, Male","1943","Ireland","Number","33241"
"Births, Male","1944","Ireland","Number","33637"
"Births, Male","1945","Ireland","Number","34336"
"Births, Male","1946","Ireland","Number","35120"
"Births, Male","1947","Ireland","Number","35674"
"Births, Male","1948","Ireland","Number","33993"
"Births, Male","1949","Ireland","Number","32880"
"Births, Male","1950","Ireland","Number","32867"
"Births, Male","1951","Ireland","Number","32303"
"Births, Male","1952","Ireland","Number","33026"
"Births, Male","1953","Ireland","Number","32241"
"Births, Male","1954","Ireland","Number","32087"
"Births, Male","1955","Ireland","Number","31483"
"Births, Male","1956","Ireland","Number","31257"
"Births, Male","1957","Ireland","Number","31335"
"Births, Male","1958","Ireland","Number","30498"
"Births, Male","1959","Ireland","Number","30685"
"Births, Male","1960","Ireland","Number","31141"
"Births, Male","1961","Ireland","Number","30687"
"Births, Male","1962","Ireland","Number","31650"
"Births, Male","1963","Ireland","Number","32486"
"Births, Male","1964","Ireland","Number","32759"
"Births, Male","1965","Ireland","Number","32438"
"Births, Male","1966","Ireland","Number","32173"
"Births, Male","1967","Ireland","Number","31642"
"Births, Male","1968","Ireland","Number","31469"
"Births, Male","1969","Ireland","Number","32143"
"Births, Male","1970","Ireland","Number","33131"
"Births, Male","1971","Ireland","Number","34751"
"Births, Male","1972","Ireland","Number","35375"
"Births, Male","1973","Ireland","Number","35304"
"Births, Male","1974","Ireland","Number","35432"
"Births, Male","1975","Ireland","Number","34532"
"Births, Male","1976","Ireland","Number","34849"
"Births, Male","1977","Ireland","Number","35518"
"Births, Male","1978","Ireland","Number","35766"
"Births, Male","1979","Ireland","Number","37355"
"Births, Male","1980","Ireland","Number","38267"
"Births, Male","1981","Ireland","Number","37075"
"Births, Male","1982","Ireland","Number","36256"
"Births, Male","1983","Ireland","Number","34642"
"Births, Male","1984","Ireland","Number","33222"
"Births, Male","1985","Ireland","Number","32068"
"Births, Male","1986","Ireland","Number","31875"
"Births, Male","1987","Ireland","Number","29931"
"Births, Male","1988","Ireland","Number","28083"
"Births, Male","1989","Ireland","Number","26754"
"Births, Male","1990","Ireland","Number","27439"
"Births, Male","1991","Ireland","Number","27122"
"Births, Male","1992","Ireland","Number","26307"
"Births, Male","1993","Ireland","Number","25359"
"Births, Male","1994","Ireland","Number","24957"
"Births, Male","1995","Ireland","Number","25153"
"Births, Male","1996","Ireland","Number","26241"
"Births, Male","1997","Ireland","Number","26855"
"Births, Female","1923","Ireland","Number","29882"
"Births, Female","1924","Ireland","Number","30689"
"Births, Female","1925","Ireland","Number","30251"
"Births, Female","1926","Ireland","Number","29794"
"Births, Female","1927","Ireland","Number","29448"
"Births, Female","1928","Ireland","Number","28849"
"Births, Female","1929","Ireland","Number","28697"
"Births, Female","1930","Ireland","Number","28440"
"Births, Female","1931","Ireland","Number","27677"
"Births, Female","1932","Ireland","Number","27398"
"Births, Female","1933","Ireland","Number","27983"
"Births, Female","1934","Ireland","Number","28072"
"Births, Female","1935","Ireland","Number","28368"
"Births, Female","1936","Ireland","Number","28513"
"Births, Female","1937","Ireland","Number","27595"
"Births, Female","1938","Ireland","Number","27817"
"Births, Female","1939","Ireland","Number","27266"
"Births, Female","1940","Ireland","Number","27565"
"Births, Female","1941","Ireland","Number","27582"
"Births, Female","1942","Ireland","Number","32104"
"Births, Female","1943","Ireland","Number","31134"
"Births, Female","1944","Ireland","Number","31788"
"Births, Female","1945","Ireland","Number","32525"
"Births, Female","1946","Ireland","Number","32802"
"Births, Female","1947","Ireland","Number","33304"
"Births, Female","1948","Ireland","Number","31937"
"Births, Female","1949","Ireland","Number","31273"
"Births, Female","1950","Ireland","Number","30698"
"Births, Female","1951","Ireland","Number","30575"
"Births, Female","1952","Ireland","Number","31605"
"Births, Female","1953","Ireland","Number","30317"
"Births, Female","1954","Ireland","Number","30447"
"Births, Female","1955","Ireland","Number","30139"
"Births, Female","1956","Ireland","Number","29483"
"Births, Female","1957","Ireland","Number","29907"
"Births, Female","1958","Ireland","Number","29012"
"Births, Female","1959","Ireland","Number","29503"
"Births, Female","1960","Ireland","Number","29594"
"Births, Female","1961","Ireland","Number","29138"
"Births, Female","1962","Ireland","Number","30132"
"Births, Female","1963","Ireland","Number","30760"
"Births, Female","1964","Ireland","Number","31313"
"Births, Female","1965","Ireland","Number","31087"
"Births, Female","1966","Ireland","Number","30042"
"Births, Female","1967","Ireland","Number","29665"
"Births, Female","1968","Ireland","Number","29535"
"Births, Female","1969","Ireland","Number","30769"
"Births, Female","1970","Ireland","Number","31251"
"Births, Female","1971","Ireland","Number","32800"
"Births, Female","1972","Ireland","Number","33152"
"Births, Female","1973","Ireland","Number","33409"
"Births, Female","1974","Ireland","Number","33475"
"Births, Female","1975","Ireland","Number","32646"
"Births, Female","1976","Ireland","Number","32869"
"Births, Female","1977","Ireland","Number","33374"
"Births, Female","1978","Ireland","Number","34533"
"Births, Female","1979","Ireland","Number","35184"
"Births, Female","1980","Ireland","Number","35797"
"Births, Female","1981","Ireland","Number","35083"
"Births, Female","1982","Ireland","Number","34587"
"Births, Female","1983","Ireland","Number","32475"
"Births, Female","1984","Ireland","Number","30840"
"Births, Female","1985","Ireland","Number","30320"
"Births, Female","1986","Ireland","Number","29745"
"Births, Female","1987","Ireland","Number","28502"
"Births, Female","1988","Ireland","Number","26517"
"Births, Female","1989","Ireland","Number","25264"
"Births, Female","1990","Ireland","Number","25515"
"Births, Female","1991","Ireland","Number","25596"
"Births, Female","1992","Ireland","Number","24782"
"Births, Female","1993","Ireland","Number","23945"
"Births, Female","1994","Ireland","Number","23298"
"Births, Female","1995","Ireland","Number","23634"
"Births, Female","1996","Ireland","Number","24149"
"Births, Female","1997","Ireland","Number","25456"
"Births, Total","1923","Ireland","Number","61690"
"Births, Total","1924","Ireland","Number","63402"
"Births, Total","1925","Ireland","Number","62069"
"Births, Total","1926","Ireland","Number","61176"
"Births, Total","1927","Ireland","Number","60054"
"Births, Total","1928","Ireland","Number","59176"
"Births, Total","1929","Ireland","Number","58280"
"Births, Total","1930","Ireland","Number","58353"
"Births, Total","1931","Ireland","Number","57086"
"Births, Total","1932","Ireland","Number","56240"
"Births, Total","1933","Ireland","Number","57360"
"Births, Total","1934","Ireland","Number","57897"
"Births, Total","1935","Ireland","Number","58266"
"Births, Total","1936","Ireland","Number","58115"
"Births, Total","1937","Ireland","Number","56488"
"Births, Total","1938","Ireland","Number","56925"
"Births, Total","1939","Ireland","Number","56070"
"Births, Total","1940","Ireland","Number","56594"
"Births, Total","1941","Ireland","Number","56780"
"Births, Total","1942","Ireland","Number","66117"
"Births, Total","1943","Ireland","Number","64375"
"Births, Total","1944","Ireland","Number","65425"
"Births, Total","1945","Ireland","Number","66861"
"Births, Total","1946","Ireland","Number","67922"
"Births, Total","1947","Ireland","Number","68978"
"Births, Total","1948","Ireland","Number","65930"
"Births, Total","1949","Ireland","Number","64153"
"Births, Total","1950","Ireland","Number","63565"
"Births, Total","1951","Ireland","Number","62878"
"Births, Total","1952","Ireland","Number","64631"
"Births, Total","1953","Ireland","Number","62558"
"Births, Total","1954","Ireland","Number","62534"
"Births, Total","1955","Ireland","Number","61622"
"Births, Total","1956","Ireland","Number","60740"
"Births, Total","1957","Ireland","Number","61242"
"Births, Total","1958","Ireland","Number","59510"
"Births, Total","1959","Ireland","Number","60188"
"Births, Total","1960","Ireland","Number","60735"
"Births, Total","1961","Ireland","Number","59825"
"Births, Total","1962","Ireland","Number","61782"
"Births, Total","1963","Ireland","Number","63246"
"Births, Total","1964","Ireland","Number","64072"
"Births, Total","1965","Ireland","Number","63525"
"Births, Total","1966","Ireland","Number","62215"
"Births, Total","1967","Ireland","Number","61307"
"Births, Total","1968","Ireland","Number","61004"
"Births, Total","1969","Ireland","Number","62912"
"Births, Total","1970","Ireland","Number","64382"
"Births, Total","1971","Ireland","Number","67551"
"Births, Total","1972","Ireland","Number","68527"
"Births, Total","1973","Ireland","Number","68713"
"Births, Total","1974","Ireland","Number","68907"
"Births, Total","1975","Ireland","Number","67178"
"Births, Total","1976","Ireland","Number","67718"
"Births, Total","1977","Ireland","Number","68892"
"Births, Total","1978","Ireland","Number","70299"
"Births, Total","1979","Ireland","Number","72539"
"Births, Total","1980","Ireland","Number","74064"
"Births, Total","1981","Ireland","Number","72158"
"Births, Total","1982","Ireland","Number","70843"
"Births, Total","1983","Ireland","Number","67117"
"Births, Total","1984","Ireland","Number","64062"
"Births, Total","1985","Ireland","Number","62388"
"Births, Total","1986","Ireland","Number","61620"
"Births, Total","1987","Ireland","Number","58433"
"Births, Total","1988","Ireland","Number","54600"
"Births, Total","1989","Ireland","Number","52018"
"Births, Total","1990","Ireland","Number","52954"
"Births, Total","1991","Ireland","Number","52718"
"Births, Total","1992","Ireland","Number","51089"
"Births, Total","1993","Ireland","Number","49304"
"Births, Total","1994","Ireland","Number","48255"
"Births, Total","1995","Ireland","Number","48787"
"Births, Total","1996","Ireland","Number","50390"
"Births, Total","1997","Ireland","Number","52311"
"Births, Legitimate","1923","Ireland","Number","60066"
"Births, Legitimate","1924","Ireland","Number","61725"
"Births, Legitimate","1925","Ireland","Number","60407"
"Births, Legitimate","1926","Ireland","Number","59460"
"Births, Legitimate","1927","Ireland","Number","58296"
"Births, Legitimate","1928","Ireland","Number","57388"
"Births, Legitimate","1929","Ireland","Number","56427"
"Births, Legitimate","1930","Ireland","Number","56490"
"Births, Legitimate","1931","Ireland","Number","55161"
"Births, Legitimate","1932","Ireland","Number","54421"
"Births, Legitimate","1933","Ireland","Number","55360"
"Births, Legitimate","1934","Ireland","Number","55867"
"Births, Legitimate","1935","Ireland","Number","56320"
"Births, Legitimate","1936","Ireland","Number","56207"
"Births, Legitimate","1937","Ireland","Number","54675"
"Births, Legitimate","1938","Ireland","Number","55047"
"Births, Legitimate","1939","Ireland","Number","54289"
"Births, Legitimate","1940","Ireland","Number","54770"
"Births, Legitimate","1941","Ireland","Number","54805"
"Births, Legitimate","1942","Ireland","Number","63698"
"Births, Legitimate","1943","Ireland","Number","61927"
"Births, Legitimate","1944","Ireland","Number","62858"
"Births, Legitimate","1945","Ireland","Number","64235"
"Births, Legitimate","1946","Ireland","Number","65280"
"Births, Legitimate","1947","Ireland","Number","66630"
"Births, Legitimate","1948","Ireland","Number","63765"
"Births, Legitimate","1949","Ireland","Number","62147"
"Births, Legitimate","1950","Ireland","Number","61938"
"Births, Legitimate","1951","Ireland","Number","61290"
"Births, Legitimate","1952","Ireland","Number","63012"
"Births, Legitimate","1953","Ireland","Number","61218"
"Births, Legitimate","1954","Ireland","Number","61224"
"Births, Legitimate","1955","Ireland","Number","60388"
"Births, Legitimate","1956","Ireland","Number","59567"
"Births, Legitimate","1957","Ireland","Number","60210"
"Births, Legitimate","1958","Ireland","Number","58534"
"Births, Legitimate","1959","Ireland","Number","59229"
"Births, Legitimate","1960","Ireland","Number","59767"
"Births, Legitimate","1961","Ireland","Number","58850"
"Births, Legitimate","1962","Ireland","Number","60671"
"Births, Legitimate","1963","Ireland","Number","62089"
"Births, Legitimate","1964","Ireland","Number","62780"
"Births, Legitimate","1965","Ireland","Number","62122"
"Births, Legitimate","1966","Ireland","Number","60779"
"Births, Legitimate","1967","Ireland","Number","59767"
"Births, Legitimate","1968","Ireland","Number","59446"
"Births, Legitimate","1969","Ireland","Number","61270"
"Births, Legitimate","1970","Ireland","Number","62673"
"Births, Legitimate","1971","Ireland","Number","65709"
"Births, Legitimate","1972","Ireland","Number","66522"
"Births, Legitimate","1973","Ireland","Number","66546"
"Births, Legitimate","1974","Ireland","Number","66598"
"Births, Legitimate","1975","Ireland","Number","64663"
"Births, Legitimate","1976","Ireland","Number","65173"
"Births, Legitimate","1977","Ireland","Number","66013"
"Births, Legitimate","1978","Ireland","Number","67296"
"Births, Legitimate","1979","Ireland","Number","69202"
"Births, Legitimate","1980","Ireland","Number","70341"
"Births, Legitimate","1981","Ireland","Number","68244"
"Births, Legitimate","1982","Ireland","Number","66485"
"Births, Legitimate","1983","Ireland","Number","62565"
"Births, Legitimate","1984","Ireland","Number","58946"
"Births, Legitimate","1985","Ireland","Number","57106"
"Births, Legitimate","1986","Ireland","Number","55674"
"Births, Legitimate","1987","Ireland","Number","52086"
"Births, Legitimate","1988","Ireland","Number","48117"
"Births, Legitimate","1989","Ireland","Number","45347"
"Births, Legitimate","1990","Ireland","Number","45294"
"Births, Legitimate","1991","Ireland","Number","43806"
"Births, Legitimate","1992","Ireland","Number","41878"
"Births, Legitimate","1993","Ireland","Number","39478"
"Births, Legitimate","1994","Ireland","Number","38206"
"Births, Legitimate","1995","Ireland","Number","37925"
"Births, Legitimate","1996","Ireland","Number","37906"
"Births, Legitimate","1997","Ireland","Number","38419"
"Births, Illegitimate","1923","Ireland","Number","1624"
"Births, Illegitimate","1924","Ireland","Number","1677"
"Births, Illegitimate","1925","Ireland","Number","1662"
"Births, Illegitimate","1926","Ireland","Number","1716"
"Births, Illegitimate","1927","Ireland","Number","1758"
"Births, Illegitimate","1928","Ireland","Number","1788"
"Births, Illegitimate","1929","Ireland","Number","1853"
"Births, Illegitimate","1930","Ireland","Number","1860"
"Births, Illegitimate","1931","Ireland","Number","1925"
"Births, Illegitimate","1932","Ireland","Number","1819"
"Births, Illegitimate","1933","Ireland","Number","2004"
"Births, Illegitimate","1934","Ireland","Number","2030"
"Births, Illegitimate","1935","Ireland","Number","1946"
"Births, Illegitimate","1936","Ireland","Number","1908"
"Births, Illegitimate","1937","Ireland","Number","1813"
"Births, Illegitimate","1938","Ireland","Number","1878"
"Births, Illegitimate","1939","Ireland","Number","1781"
"Births, Illegitimate","1940","Ireland","Number","1824"
"Births, Illegitimate","1941","Ireland","Number","1975"
"Births, Illegitimate","1942","Ireland","Number","2419"
"Births, Illegitimate","1943","Ireland","Number","2448"
"Births, Illegitimate","1944","Ireland","Number","2567"
"Births, Illegitimate","1945","Ireland","Number","2626"
"Births, Illegitimate","1946","Ireland","Number","2642"
"Births, Illegitimate","1947","Ireland","Number","2348"
"Births, Illegitimate","1948","Ireland","Number","2165"
"Births, Illegitimate","1949","Ireland","Number","2006"
"Births, Illegitimate","1950","Ireland","Number","1627"
"Births, Illegitimate","1951","Ireland","Number","1588"
"Births, Illegitimate","1952","Ireland","Number","1619"
"Births, Illegitimate","1953","Ireland","Number","1340"
"Births, Illegitimate","1954","Ireland","Number","1310"
"Births, Illegitimate","1955","Ireland","Number","1234"
"Births, Illegitimate","1956","Ireland","Number","1173"
"Births, Illegitimate","1957","Ireland","Number","1032"
"Births, Illegitimate","1958","Ireland","Number","976"
"Births, Illegitimate","1959","Ireland","Number","959"
"Births, Illegitimate","1960","Ireland","Number","968"
"Births, Illegitimate","1961","Ireland","Number","975"
"Births, Illegitimate","1962","Ireland","Number","1111"
"Births, Illegitimate","1963","Ireland","Number","1157"
"Births, Illegitimate","1964","Ireland","Number","1292"
"Births, Illegitimate","1965","Ireland","Number","1403"
"Births, Illegitimate","1966","Ireland","Number","1436"
"Births, Illegitimate","1967","Ireland","Number","1540"
"Births, Illegitimate","1968","Ireland","Number","1558"
"Births, Illegitimate","1969","Ireland","Number","1642"
"Births, Illegitimate","1970","Ireland","Number","1709"
"Births, Illegitimate","1971","Ireland","Number","1842"
"Births, Illegitimate","1972","Ireland","Number","2005"
"Births, Illegitimate","1973","Ireland","Number","2167"
"Births, Illegitimate","1974","Ireland","Number","2309"
"Births, Illegitimate","1975","Ireland","Number","2515"
"Births, Illegitimate","1976","Ireland","Number","2545"
"Births, Illegitimate","1977","Ireland","Number","2879"
"Births, Illegitimate","1978","Ireland","Number","3003"
"Births, Illegitimate","1979","Ireland","Number","3337"
"Births, Illegitimate","1980","Ireland","Number","3723"
"Births, Illegitimate","1981","Ireland","Number","3914"
"Births, Illegitimate","1982","Ireland","Number","4358"
"Births, Illegitimate","1983","Ireland","Number","4552"
"Births, Illegitimate","1984","Ireland","Number","5116"
"Births, Illegitimate","1985","Ireland","Number","5282"
"Births, Illegitimate","1986","Ireland","Number","5946"
"Births, Illegitimate","1987","Ireland","Number","6347"
"Births, Illegitimate","1988","Ireland","Number","6483"
"Births, Illegitimate","1989","Ireland","Number","6671"
"Births, Illegitimate","1990","Ireland","Number","7660"
"Births, Illegitimate","1991","Ireland","Number","8912"
"Births, Illegitimate","1992","Ireland","Number","9211"
"Births, Illegitimate","1993","Ireland","Number","9826"
"Births, Illegitimate","1994","Ireland","Number","10049"
"Births, Illegitimate","1995","Ireland","Number","10862"
"Births, Illegitimate","1996","Ireland","Number","12484"
"Births, Illegitimate","1997","Ireland","Number","13892"
"Births, Share Illegitimate","1923","Ireland","%","3"
"Births, Share Illegitimate","1924","Ireland","%","3"
"Births, Share Illegitimate","1925","Ireland","%","3"
"Births, Share Illegitimate","1926","Ireland","%","3"
"Births, Share Illegitimate","1927","Ireland","%","3"
"Births, Share Illegitimate","1928","Ireland","%","3"
"Births, Share Illegitimate","1929","Ireland","%","3"
"Births, Share Illegitimate","1930","Ireland","%","3"
"Births, Share Illegitimate","1931","Ireland","%","3"
"Births, Share Illegitimate","1932","Ireland","%","3"
"Births, Share Illegitimate","1933","Ireland","%","3"
"Births, Share Illegitimate","1934","Ireland","%","4"
"Births, Share Illegitimate","1935","Ireland","%","3"
"Births, Share Illegitimate","1936","Ireland","%","3"
"Births, Share Illegitimate","1937","Ireland","%","3"
"Births, Share Illegitimate","1938","Ireland","%","3"
"Births, Share Illegitimate","1939","Ireland","%","3"
"Births, Share Illegitimate","1940","Ireland","%","3"
"Births, Share Illegitimate","1941","Ireland","%","3"
"Births, Share Illegitimate","1942","Ireland","%","4"
"Births, Share Illegitimate","1943","Ireland","%","4"
"Births, Share Illegitimate","1944","Ireland","%","4"
"Births, Share Illegitimate","1945","Ireland","%","4"
"Births, Share Illegitimate","1946","Ireland","%","4"
"Births, Share Illegitimate","1947","Ireland","%","3"
"Births, Share Illegitimate","1948","Ireland","%","3"
"Births, Share Illegitimate","1949","Ireland","%","3"
"Births, Share Illegitimate","1950","Ireland","%","3"
"Births, Share Illegitimate","1951","Ireland","%","3"
"Births, Share Illegitimate","1952","Ireland","%","2"
"Births, Share Illegitimate","1953","Ireland","%","2"
"Births, Share Illegitimate","1954","Ireland","%","2"
"Births, Share Illegitimate","1955","Ireland","%","2"
"Births, Share Illegitimate","1956","Ireland","%","2"
"Births, Share Illegitimate","1957","Ireland","%","2"
"Births, Share Illegitimate","1958","Ireland","%","2"
"Births, Share Illegitimate","1959","Ireland","%","2"
"Births, Share Illegitimate","1960","Ireland","%","2"
"Births, Share Illegitimate","1961","Ireland","%","2"
"Births, Share Illegitimate","1962","Ireland","%","2"
"Births, Share Illegitimate","1963","Ireland","%","2"
"Births, Share Illegitimate","1964","Ireland","%","2"
"Births, Share Illegitimate","1965","Ireland","%","2"
"Births, Share Illegitimate","1966","Ireland","%","2"
"Births, Share Illegitimate","1967","Ireland","%","3"
"Births, Share Illegitimate","1968","Ireland","%","3"
"Births, Share Illegitimate","1969","Ireland","%","3"
"Births, Share Illegitimate","1970","Ireland","%","3"
"Births, Share Illegitimate","1971","Ireland","%","3"
"Births, Share Illegitimate","1972","Ireland","%","3"
"Births, Share Illegitimate","1973","Ireland","%","3"
"Births, Share Illegitimate","1974","Ireland","%","3"
"Births, Share Illegitimate","1975","Ireland","%","4"
"Births, Share Illegitimate","1976","Ireland","%","4"
"Births, Share Illegitimate","1977","Ireland","%","4"
"Births, Share Illegitimate","1978","Ireland","%","4"
"Births, Share Illegitimate","1979","Ireland","%","5"
"Births, Share Illegitimate","1980","Ireland","%","5"
"Births, Share Illegitimate","1981","Ireland","%","5"
"Births, Share Illegitimate","1982","Ireland","%","6"
"Births, Share Illegitimate","1983","Ireland","%","7"
"Births, Share Illegitimate","1984","Ireland","%","8"
"Births, Share Illegitimate","1985","Ireland","%","8"
"Births, Share Illegitimate","1986","Ireland","%","10"
"Births, Share Illegitimate","1987","Ireland","%","11"
"Births, Share Illegitimate","1988","Ireland","%","12"
"Births, Share Illegitimate","1989","Ireland","%","13"
"Births, Share Illegitimate","1990","Ireland","%","14"
"Births, Share Illegitimate","1991","Ireland","%","17"
"Births, Share Illegitimate","1992","Ireland","%","18"
"Births, Share Illegitimate","1993","Ireland","%","20"
"Births, Share Illegitimate","1994","Ireland","%","21"
"Births, Share Illegitimate","1995","Ireland","%","22"
"Births, Share Illegitimate","1996","Ireland","%","25"
"Births, Share Illegitimate","1997","Ireland","%","27"
"Deaths, Male","1923","Ireland","Number","21561"
"Deaths, Male","1924","Ireland","Number","22821"
"Deaths, Male","1925","Ireland","Number","22118"
"Deaths, Male","1926","Ireland","Number","20844"
"Deaths, Male","1927","Ireland","Number","21812"
"Deaths, Male","1928","Ireland","Number","20933"
"Deaths, Male","1929","Ireland","Number","21547"
"Deaths, Male","1930","Ireland","Number","21075"
"Deaths, Male","1931","Ireland","Number","21754"
"Deaths, Male","1932","Ireland","Number","21801"
"Deaths, Male","1933","Ireland","Number","20610"
"Deaths, Male","1934","Ireland","Number","19920"
"Deaths, Male","1935","Ireland","Number","21541"
"Deaths, Male","1936","Ireland","Number","21920"
"Deaths, Male","1937","Ireland","Number","23331"
"Deaths, Male","1938","Ireland","Number","20637"
"Deaths, Male","1939","Ireland","Number","21567"
"Deaths, Male","1940","Ireland","Number","21611"
"Deaths, Male","1941","Ireland","Number","22642"
"Deaths, Male","1942","Ireland","Number","21868"
"Deaths, Male","1943","Ireland","Number","22663"
"Deaths, Male","1944","Ireland","Number","23477"
"Deaths, Male","1945","Ireland","Number","22266"
"Deaths, Male","1946","Ireland","Number","21863"
"Deaths, Male","1947","Ireland","Number","23461"
"Deaths, Male","1948","Ireland","Number","19117"
"Deaths, Male","1949","Ireland","Number","19876"
"Deaths, Male","1950","Ireland","Number","20026"
"Deaths, Male","1951","Ireland","Number","22476"
"Deaths, Male","1952","Ireland","Number","18918"
"Deaths, Male","1953","Ireland","Number","18420"
"Deaths, Male","1954","Ireland","Number","19199"
"Deaths, Male","1955","Ireland","Number","19773"
"Deaths, Male","1956","Ireland","Number","18269"
"Deaths, Male","1957","Ireland","Number","18355"
"Deaths, Male","1958","Ireland","Number","18495"
"Deaths, Male","1959","Ireland","Number","18603"
"Deaths, Male","1960","Ireland","Number","17484"
"Deaths, Male","1961","Ireland","Number","18750"
"Deaths, Male","1962","Ireland","Number","18355"
"Deaths, Male","1963","Ireland","Number","18199"
"Deaths, Male","1964","Ireland","Number","17630"
"Deaths, Male","1965","Ireland","Number","17965"
"Deaths, Male","1966","Ireland","Number","19148"
"Deaths, Male","1967","Ireland","Number","17035"
"Deaths, Male","1968","Ireland","Number","18031"
"Deaths, Male","1969","Ireland","Number","18340"
"Deaths, Male","1970","Ireland","Number","18447"
"Deaths, Male","1971","Ireland","Number","17357"
"Deaths, Male","1972","Ireland","Number","18731"
"Deaths, Male","1973","Ireland","Number","18689"
"Deaths, Male","1974","Ireland","Number","18923"
"Deaths, Male","1975","Ireland","Number","18077"
"Deaths, Male","1976","Ireland","Number","18465"
"Deaths, Male","1977","Ireland","Number","18297"
"Deaths, Male","1978","Ireland","Number","18442"
"Deaths, Male","1979","Ireland","Number","18693"
"Deaths, Male","1980","Ireland","Number","18230"
"Deaths, Male","1981","Ireland","Number","18068"
"Deaths, Male","1982","Ireland","Number","17755"
"Deaths, Male","1983","Ireland","Number","18026"
"Deaths, Male","1984","Ireland","Number","17485"
"Deaths, Male","1985","Ireland","Number","18201"
"Deaths, Male","1986","Ireland","Number","18313"
"Deaths, Male","1987","Ireland","Number","17002"
"Deaths, Male","1988","Ireland","Number","16980"
"Deaths, Male","1989","Ireland","Number","17058"
"Deaths, Male","1990","Ireland","Number","17002"
"Deaths, Male","1991","Ireland","Number","16603"
"Deaths, Male","1992","Ireland","Number","16516"
"Deaths, Male","1993","Ireland","Number","17035"
"Deaths, Male","1994","Ireland","Number","16338"
"Deaths, Male","1995","Ireland","Number","17075"
"Deaths, Male","1996","Ireland","Number","16672"
"Deaths, Male","1997","Ireland","Number","16461"
"Deaths, Female","1923","Ireland","Number","20656"
"Deaths, Female","1924","Ireland","Number","22359"
"Deaths, Female","1925","Ireland","Number","21532"
"Deaths, Female","1926","Ireland","Number","20896"
"Deaths, Female","1927","Ireland","Number","21865"
"Deaths, Female","1928","Ireland","Number","20859"
"Deaths, Female","1929","Ireland","Number","21444"
"Deaths, Female","1930","Ireland","Number","20627"
"Deaths, Female","1931","Ireland","Number","21193"
"Deaths, Female","1932","Ireland","Number","21183"
"Deaths, Female","1933","Ireland","Number","19929"
"Deaths, Female","1934","Ireland","Number","19163"
"Deaths, Female","1935","Ireland","Number","20002"
"Deaths, Female","1936","Ireland","Number","20666"
"Deaths, Female","1937","Ireland","Number","21755"
"Deaths, Female","1938","Ireland","Number","19404"
"Deaths, Female","1939","Ireland","Number","20150"
"Deaths, Female","1940","Ireland","Number","20274"
"Deaths, Female","1941","Ireland","Number","21155"
"Deaths, Female","1942","Ireland","Number","19772"
"Deaths, Female","1943","Ireland","Number","20831"
"Deaths, Female","1944","Ireland","Number","21651"
"Deaths, Female","1945","Ireland","Number","20496"
"Deaths, Female","1946","Ireland","Number","19594"
"Deaths, Female","1947","Ireland","Number","20600"
"Deaths, Female","1948","Ireland","Number","17240"
"Deaths, Female","1949","Ireland","Number","18186"
"Deaths, Female","1950","Ireland","Number","17715"
"Deaths, Female","1951","Ireland","Number","19906"
"Deaths, Female","1952","Ireland","Number","16187"
"Deaths, Female","1953","Ireland","Number","16171"
"Deaths, Female","1954","Ireland","Number","16336"
"Deaths, Female","1955","Ireland","Number","16988"
"Deaths, Female","1956","Ireland","Number","15641"
"Deaths, Female","1957","Ireland","Number","15956"
"Deaths, Female","1958","Ireland","Number","15753"
"Deaths, Female","1959","Ireland","Number","15640"
"Deaths, Female","1960","Ireland","Number","15176"
"Deaths, Female","1961","Ireland","Number","16013"
"Deaths, Female","1962","Ireland","Number","15483"
"Deaths, Female","1963","Ireland","Number","15596"
"Deaths, Female","1964","Ireland","Number","15000"
"Deaths, Female","1965","Ireland","Number","15057"
"Deaths, Female","1966","Ireland","Number","15965"
"Deaths, Female","1967","Ireland","Number","14365"
"Deaths, Female","1968","Ireland","Number","15126"
"Deaths, Female","1969","Ireland","Number","15394"
"Deaths, Female","1970","Ireland","Number","15239"
"Deaths, Female","1971","Ireland","Number","14533"
"Deaths, Female","1972","Ireland","Number","15650"
"Deaths, Female","1973","Ireland","Number","15503"
"Deaths, Female","1974","Ireland","Number","15998"
"Deaths, Female","1975","Ireland","Number","15096"
"Deaths, Female","1976","Ireland","Number","15578"
"Deaths, Female","1977","Ireland","Number","15335"
"Deaths, Female","1978","Ireland","Number","15352"
"Deaths, Female","1979","Ireland","Number","15078"
"Deaths, Female","1980","Ireland","Number","15242"
"Deaths, Female","1981","Ireland","Number","14861"
"Deaths, Female","1982","Ireland","Number","14702"
"Deaths, Female","1983","Ireland","Number","14950"
"Deaths, Female","1984","Ireland","Number","14591"
"Deaths, Female","1985","Ireland","Number","15012"
"Deaths, Female","1986","Ireland","Number","15317"
"Deaths, Female","1987","Ireland","Number","14411"
"Deaths, Female","1988","Ireland","Number","14600"
"Deaths, Female","1989","Ireland","Number","15053"
"Deaths, Female","1990","Ireland","Number","14816"
"Deaths, Female","1991","Ireland","Number","14702"
"Deaths, Female","1992","Ireland","Number","14415"
"Deaths, Female","1993","Ireland","Number","15113"
"Deaths, Female","1994","Ireland","Number","14610"
"Deaths, Female","1995","Ireland","Number","15184"
"Deaths, Female","1996","Ireland","Number","15051"
"Deaths, Female","1997","Ireland","Number","15144"
"Deaths, Total","1923","Ireland","Number","42217"
"Deaths, Total","1924","Ireland","Number","45189"
"Deaths, Total","1925","Ireland","Number","43650"
"Deaths, Total","1926","Ireland","Number","41740"
"Deaths, Total","1927","Ireland","Number","43677"
"Deaths, Total","1928","Ireland","Number","41792"
"Deaths, Total","1929","Ireland","Number","42991"
"Deaths, Total","1930","Ireland","Number","41702"
"Deaths, Total","1931","Ireland","Number","42947"
"Deaths, Total","1932","Ireland","Number","42984"
"Deaths, Total","1933","Ireland","Number","40539"
"Deaths, Total","1934","Ireland","Number","39083"
"Deaths, Total","1935","Ireland","Number","41543"
"Deaths, Total","1936","Ireland","Number","42586"
"Deaths, Total","1937","Ireland","Number","45086"
"Deaths, Total","1938","Ireland","Number","40041"
"Deaths, Total","1939","Ireland","Number","41717"
"Deaths, Total","1940","Ireland","Number","41885"
"Deaths, Total","1941","Ireland","Number","43797"
"Deaths, Total","1942","Ireland","Number","41640"
"Deaths, Total","1943","Ireland","Number","43494"
"Deaths, Total","1944","Ireland","Number","45128"
"Deaths, Total","1945","Ireland","Number","42762"
"Deaths, Total","1946","Ireland","Number","41457"
"Deaths, Total","1947","Ireland","Number","44061"
"Deaths, Total","1948","Ireland","Number","36357"
"Deaths, Total","1949","Ireland","Number","38062"
"Deaths, Total","1950","Ireland","Number","37741"
"Deaths, Total","1951","Ireland","Number","42382"
"Deaths, Total","1952","Ireland","Number","35105"
"Deaths, Total","1953","Ireland","Number","34591"
"Deaths, Total","1954","Ireland","Number","35535"
"Deaths, Total","1955","Ireland","Number","36761"
"Deaths, Total","1956","Ireland","Number","33910"
"Deaths, Total","1957","Ireland","Number","34311"
"Deaths, Total","1958","Ireland","Number","34248"
"Deaths, Total","1959","Ireland","Number","34243"
"Deaths, Total","1960","Ireland","Number","32660"
"Deaths, Total","1961","Ireland","Number","34763"
"Deaths, Total","1962","Ireland","Number","33838"
"Deaths, Total","1963","Ireland","Number","33795"
"Deaths, Total","1964","Ireland","Number","32630"
"Deaths, Total","1965","Ireland","Number","33022"
"Deaths, Total","1966","Ireland","Number","35113"
"Deaths, Total","1967","Ireland","Number","31400"
"Deaths, Total","1968","Ireland","Number","33157"
"Deaths, Total","1969","Ireland","Number","33734"
"Deaths, Total","1970","Ireland","Number","33686"
"Deaths, Total","1971","Ireland","Number","31890"
"Deaths, Total","1972","Ireland","Number","34381"
"Deaths, Total","1973","Ireland","Number","34192"
"Deaths, Total","1974","Ireland","Number","34921"
"Deaths, Total","1975","Ireland","Number","33173"
"Deaths, Total","1976","Ireland","Number","34043"
"Deaths, Total","1977","Ireland","Number","33632"
"Deaths, Total","1978","Ireland","Number","33794"
"Deaths, Total","1979","Ireland","Number","33771"
"Deaths, Total","1980","Ireland","Number","33472"
"Deaths, Total","1981","Ireland","Number","32929"
"Deaths, Total","1982","Ireland","Number","32457"
"Deaths, Total","1983","Ireland","Number","32976"
"Deaths, Total","1984","Ireland","Number","32076"
"Deaths, Total","1985","Ireland","Number","33213"
"Deaths, Total","1986","Ireland","Number","33630"
"Deaths, Total","1987","Ireland","Number","31413"
"Deaths, Total","1988","Ireland","Number","31580"
"Deaths, Total","1989","Ireland","Number","32111"
"Deaths, Total","1990","Ireland","Number","31818"
"Deaths, Total","1991","Ireland","Number","31305"
"Deaths, Total","1992","Ireland","Number","30931"
"Deaths, Total","1993","Ireland","Number","32148"
"Deaths, Total","1994","Ireland","Number","30948"
"Deaths, Total","1995","Ireland","Number","32259"
"Deaths, Total","1996","Ireland","Number","31723"
"Deaths, Total","1997","Ireland","Number","31605"
"Natural Increase","1923","Ireland","Number","19473"
"Natural Increase","1924","Ireland","Number","18222"
"Natural Increase","1925","Ireland","Number","18419"
"Natural Increase","1926","Ireland","Number","19436"
"Natural Increase","1927","Ireland","Number","16377"
"Natural Increase","1928","Ireland","Number","17384"
"Natural Increase","1929","Ireland","Number","15289"
"Natural Increase","1930","Ireland","Number","16651"
"Natural Increase","1931","Ireland","Number","14139"
"Natural Increase","1932","Ireland","Number","13256"
"Natural Increase","1933","Ireland","Number","16825"
"Natural Increase","1934","Ireland","Number","18814"
"Natural Increase","1935","Ireland","Number","16723"
"Natural Increase","1936","Ireland","Number","15529"
"Natural Increase","1937","Ireland","Number","11402"
"Natural Increase","1938","Ireland","Number","16884"
"Natural Increase","1939","Ireland","Number","14353"
"Natural Increase","1940","Ireland","Number","14709"
"Natural Increase","1941","Ireland","Number","12983"
"Natural Increase","1942","Ireland","Number","24477"
"Natural Increase","1943","Ireland","Number","20881"
"Natural Increase","1944","Ireland","Number","20297"
"Natural Increase","1945","Ireland","Number","24099"
"Natural Increase","1946","Ireland","Number","26465"
"Natural Increase","1947","Ireland","Number","24917"
"Natural Increase","1948","Ireland","Number","29573"
"Natural Increase","1949","Ireland","Number","26091"
"Natural Increase","1950","Ireland","Number","25824"
"Natural Increase","1951","Ireland","Number","20496"
"Natural Increase","1952","Ireland","Number","29526"
"Natural Increase","1953","Ireland","Number","27967"
"Natural Increase","1954","Ireland","Number","26999"
"Natural Increase","1955","Ireland","Number","24861"
"Natural Increase","1956","Ireland","Number","26830"
"Natural Increase","1957","Ireland","Number","26931"
"Natural Increase","1958","Ireland","Number","25262"
"Natural Increase","1959","Ireland","Number","25945"
"Natural Increase","1960","Ireland","Number","28075"
"Natural Increase","1961","Ireland","Number","25062"
"Natural Increase","1962","Ireland","Number","27944"
"Natural Increase","1963","Ireland","Number","29451"
"Natural Increase","1964","Ireland","Number","31442"
"Natural Increase","1965","Ireland","Number","30503"
"Natural Increase","1966","Ireland","Number","27102"
"Natural Increase","1967","Ireland","Number","29907"
"Natural Increase","1968","Ireland","Number","27847"
"Natural Increase","1969","Ireland","Number","29178"
"Natural Increase","1970","Ireland","Number","30696"
"Natural Increase","1971","Ireland","Number","35661"
"Natural Increase","1972","Ireland","Number","34146"
"Natural Increase","1973","Ireland","Number","34521"
"Natural Increase","1974","Ireland","Number","33986"
"Natural Increase","1975","Ireland","Number","34005"
"Natural Increase","1976","Ireland","Number","33675"
"Natural Increase","1977","Ireland","Number","35260"
"Natural Increase","1978","Ireland","Number","36505"
"Natural Increase","1979","Ireland","Number","38768"
"Natural Increase","1980","Ireland","Number","40592"
"Natural Increase","1981","Ireland","Number","39229"
"Natural Increase","1982","Ireland","Number","38386"
"Natural Increase","1983","Ireland","Number","34141"
"Natural Increase","1984","Ireland","Number","31986"
"Natural Increase","1985","Ireland","Number","29175"
"Natural Increase","1986","Ireland","Number","27990"
"Natural Increase","1987","Ireland","Number","27020"
"Natural Increase","1988","Ireland","Number","23020"
"Natural Increase","1989","Ireland","Number","19907"
"Natural Increase","1990","Ireland","Number","21136"
"Natural Increase","1991","Ireland","Number","21413"
"Natural Increase","1992","Ireland","Number","20158"
"Natural Increase","1993","Ireland","Number","17156"
"Natural Increase","1994","Ireland","Number","17307"
"Natural Increase","1995","Ireland","Number","16528"
"Natural Increase","1996","Ireland","Number","18667"
"Natural Increase","1997","Ireland","Number","20706"
"Marriage Rate","1923","Ireland","Rate per 1,000","5"
"Marriage Rate","1924","Ireland","Rate per 1,000","5"
"Marriage Rate","1925","Ireland","Rate per 1,000","5"
"Marriage Rate","1926","Ireland","Rate per 1,000","5"
"Marriage Rate","1927","Ireland","Rate per 1,000","5"
"Marriage Rate","1928","Ireland","Rate per 1,000","5"
"Marriage Rate","1929","Ireland","Rate per 1,000","5"
"Marriage Rate","1930","Ireland","Rate per 1,000","5"
"Marriage Rate","1931","Ireland","Rate per 1,000","4"
"Marriage Rate","1932","Ireland","Rate per 1,000","4"
"Marriage Rate","1933","Ireland","Rate per 1,000","5"
"Marriage Rate","1934","Ireland","Rate per 1,000","5"
"Marriage Rate","1935","Ireland","Rate per 1,000","5"
"Marriage Rate","1936","Ireland","Rate per 1,000","5"
"Marriage Rate","1937","Ireland","Rate per 1,000","5"
"Marriage Rate","1938","Ireland","Rate per 1,000","5"
"Marriage Rate","1939","Ireland","Rate per 1,000","5"
"Marriage Rate","1940","Ireland","Rate per 1,000","5"
"Marriage Rate","1941","Ireland","Rate per 1,000","5"
"Marriage Rate","1942","Ireland","Rate per 1,000","6"
"Marriage Rate","1943","Ireland","Rate per 1,000","6"
"Marriage Rate","1944","Ireland","Rate per 1,000","6"
"Marriage Rate","1945","Ireland","Rate per 1,000","6"
"Marriage Rate","1946","Ireland","Rate per 1,000","6"
"Marriage Rate","1947","Ireland","Rate per 1,000","5"
"Marriage Rate","1948","Ireland","Rate per 1,000","5"
"Marriage Rate","1949","Ireland","Rate per 1,000","5"
"Marriage Rate","1950","Ireland","Rate per 1,000","5"
"Marriage Rate","1951","Ireland","Rate per 1,000","5"
"Marriage Rate","1952","Ireland","Rate per 1,000","5"
"Marriage Rate","1953","Ireland","Rate per 1,000","5"
"Marriage Rate","1954","Ireland","Rate per 1,000","5"
"Marriage Rate","1955","Ireland","Rate per 1,000","6"
"Marriage Rate","1956","Ireland","Rate per 1,000","6"
"Marriage Rate","1957","Ireland","Rate per 1,000","5"
"Marriage Rate","1958","Ireland","Rate per 1,000","5"
"Marriage Rate","1959","Ireland","Rate per 1,000","5"
"Marriage Rate","1960","Ireland","Rate per 1,000","6"
"Marriage Rate","1961","Ireland","Rate per 1,000","5"
"Marriage Rate","1962","Ireland","Rate per 1,000","6"
"Marriage Rate","1963","Ireland","Rate per 1,000","6"
"Marriage Rate","1964","Ireland","Rate per 1,000","6"
"Marriage Rate","1965","Ireland","Rate per 1,000","6"
"Marriage Rate","1966","Ireland","Rate per 1,000","6"
"Marriage Rate","1967","Ireland","Rate per 1,000","6"
"Marriage Rate","1968","Ireland","Rate per 1,000","6"
"Marriage Rate","1969","Ireland","Rate per 1,000","7"
"Marriage Rate","1970","Ireland","Rate per 1,000","7"
"Marriage Rate","1971","Ireland","Rate per 1,000","7"
"Marriage Rate","1972","Ireland","Rate per 1,000","7"
"Marriage Rate","1973","Ireland","Rate per 1,000","8"
"Marriage Rate","1974","Ireland","Rate per 1,000","7"
"Marriage Rate","1975","Ireland","Rate per 1,000","7"
"Marriage Rate","1976","Ireland","Rate per 1,000","6"
"Marriage Rate","1977","Ireland","Rate per 1,000","6"
"Marriage Rate","1978","Ireland","Rate per 1,000","6"
"Marriage Rate","1979","Ireland","Rate per 1,000","6"
"Marriage Rate","1980","Ireland","Rate per 1,000","6"
"Marriage Rate","1981","Ireland","Rate per 1,000","6"
"Marriage Rate","1982","Ireland","Rate per 1,000","6"
"Marriage Rate","1983","Ireland","Rate per 1,000","6"
"Marriage Rate","1984","Ireland","Rate per 1,000","5"
"Marriage Rate","1985","Ireland","Rate per 1,000","5"
"Marriage Rate","1986","Ireland","Rate per 1,000","5"
"Marriage Rate","1987","Ireland","Rate per 1,000","5"
"Marriage Rate","1988","Ireland","Rate per 1,000","5"
"Marriage Rate","1989","Ireland","Rate per 1,000","5"
"Marriage Rate","1990","Ireland","Rate per 1,000","5"
"Marriage Rate","1991","Ireland","Rate per 1,000","5"
"Marriage Rate","1992","Ireland","Rate per 1,000","5"
"Marriage Rate","1993","Ireland","Rate per 1,000","5"
"Marriage Rate","1994","Ireland","Rate per 1,000","5"
"Marriage Rate","1995","Ireland","Rate per 1,000","4"
"Marriage Rate","1996","Ireland","Rate per 1,000","4"
"Marriage Rate","1997","Ireland","Rate per 1,000","4"
"Birth Rate","1923","Ireland","Rate per 1,000","20"
"Birth Rate","1924","Ireland","Rate per 1,000","21"
"Birth Rate","1925","Ireland","Rate per 1,000","21"
"Birth Rate","1926","Ireland","Rate per 1,000","21"
"Birth Rate","1927","Ireland","Rate per 1,000","20"
"Birth Rate","1928","Ireland","Rate per 1,000","20"
"Birth Rate","1929","Ireland","Rate per 1,000","20"
"Birth Rate","1930","Ireland","Rate per 1,000","20"
"Birth Rate","1931","Ireland","Rate per 1,000","19"
"Birth Rate","1932","Ireland","Rate per 1,000","19"
"Birth Rate","1933","Ireland","Rate per 1,000","19"
"Birth Rate","1934","Ireland","Rate per 1,000","19"
"Birth Rate","1935","Ireland","Rate per 1,000","20"
"Birth Rate","1936","Ireland","Rate per 1,000","20"
"Birth Rate","1937","Ireland","Rate per 1,000","19"
"Birth Rate","1938","Ireland","Rate per 1,000","19"
"Birth Rate","1939","Ireland","Rate per 1,000","19"
"Birth Rate","1940","Ireland","Rate per 1,000","19"
"Birth Rate","1941","Ireland","Rate per 1,000","19"
"Birth Rate","1942","Ireland","Rate per 1,000","22"
"Birth Rate","1943","Ireland","Rate per 1,000","22"
"Birth Rate","1944","Ireland","Rate per 1,000","22"
"Birth Rate","1945","Ireland","Rate per 1,000","23"
"Birth Rate","1946","Ireland","Rate per 1,000","23"
"Birth Rate","1947","Ireland","Rate per 1,000","23"
"Birth Rate","1948","Ireland","Rate per 1,000","22"
"Birth Rate","1949","Ireland","Rate per 1,000","21"
"Birth Rate","1950","Ireland","Rate per 1,000","21"
"Birth Rate","1951","Ireland","Rate per 1,000","21"
"Birth Rate","1952","Ireland","Rate per 1,000","22"
"Birth Rate","1953","Ireland","Rate per 1,000","21"
"Birth Rate","1954","Ireland","Rate per 1,000","21"
"Birth Rate","1955","Ireland","Rate per 1,000","21"
"Birth Rate","1956","Ireland","Rate per 1,000","21"
"Birth Rate","1957","Ireland","Rate per 1,000","21"
"Birth Rate","1958","Ireland","Rate per 1,000","21"
"Birth Rate","1959","Ireland","Rate per 1,000","21"
"Birth Rate","1960","Ireland","Rate per 1,000","22"
"Birth Rate","1961","Ireland","Rate per 1,000","21"
"Birth Rate","1962","Ireland","Rate per 1,000","22"
"Birth Rate","1963","Ireland","Rate per 1,000","22"
"Birth Rate","1964","Ireland","Rate per 1,000","22"
"Birth Rate","1965","Ireland","Rate per 1,000","22"
"Birth Rate","1966","Ireland","Rate per 1,000","22"
"Birth Rate","1967","Ireland","Rate per 1,000","21"
"Birth Rate","1968","Ireland","Rate per 1,000","21"
"Birth Rate","1969","Ireland","Rate per 1,000","22"
"Birth Rate","1970","Ireland","Rate per 1,000","22"
"Birth Rate","1971","Ireland","Rate per 1,000","23"
"Birth Rate","1972","Ireland","Rate per 1,000","23"
"Birth Rate","1973","Ireland","Rate per 1,000","22"
"Birth Rate","1974","Ireland","Rate per 1,000","22"
"Birth Rate","1975","Ireland","Rate per 1,000","21"
"Birth Rate","1976","Ireland","Rate per 1,000","21"
"Birth Rate","1977","Ireland","Rate per 1,000","21"
"Birth Rate","1978","Ireland","Rate per 1,000","21"
"Birth Rate","1979","Ireland","Rate per 1,000","22"
"Birth Rate","1980","Ireland","Rate per 1,000","22"
"Birth Rate","1981","Ireland","Rate per 1,000","21"
"Birth Rate","1982","Ireland","Rate per 1,000","20"
"Birth Rate","1983","Ireland","Rate per 1,000","19"
"Birth Rate","1984","Ireland","Rate per 1,000","18"
"Birth Rate","1985","Ireland","Rate per 1,000","18"
"Birth Rate","1986","Ireland","Rate per 1,000","17"
"Birth Rate","1987","Ireland","Rate per 1,000","16"
"Birth Rate","1988","Ireland","Rate per 1,000","15"
"Birth Rate","1989","Ireland","Rate per 1,000","15"
"Birth Rate","1990","Ireland","Rate per 1,000","15"
"Birth Rate","1991","Ireland","Rate per 1,000","15"
"Birth Rate","1992","Ireland","Rate per 1,000","14"
"Birth Rate","1993","Ireland","Rate per 1,000","14"
"Birth Rate","1994","Ireland","Rate per 1,000","14"
"Birth Rate","1995","Ireland","Rate per 1,000","14"
"Birth Rate","1996","Ireland","Rate per 1,000","14"
"Birth Rate","1997","Ireland","Rate per 1,000","14"
"Death Rate","1923","Ireland","Rate per 1,000","14"
"Death Rate","1924","Ireland","Rate per 1,000","15"
"Death Rate","1925","Ireland","Rate per 1,000","15"
"Death Rate","1926","Ireland","Rate per 1,000","14"
"Death Rate","1927","Ireland","Rate per 1,000","15"
"Death Rate","1928","Ireland","Rate per 1,000","14"
"Death Rate","1929","Ireland","Rate per 1,000","15"
"Death Rate","1930","Ireland","Rate per 1,000","14"
"Death Rate","1931","Ireland","Rate per 1,000","15"
"Death Rate","1932","Ireland","Rate per 1,000","14"
"Death Rate","1933","Ireland","Rate per 1,000","14"
"Death Rate","1934","Ireland","Rate per 1,000","13"
"Death Rate","1935","Ireland","Rate per 1,000","14"
"Death Rate","1936","Ireland","Rate per 1,000","14"
"Death Rate","1937","Ireland","Rate per 1,000","15"
"Death Rate","1938","Ireland","Rate per 1,000","14"
"Death Rate","1939","Ireland","Rate per 1,000","14"
"Death Rate","1940","Ireland","Rate per 1,000","14"
"Death Rate","1941","Ireland","Rate per 1,000","15"
"Death Rate","1942","Ireland","Rate per 1,000","15"
"Death Rate","1943","Ireland","Rate per 1,000","15"
"Death Rate","1944","Ireland","Rate per 1,000","15"
"Death Rate","1945","Ireland","Rate per 1,000","14"
"Death Rate","1946","Ireland","Rate per 1,000","14"
"Death Rate","1947","Ireland","Rate per 1,000","15"
"Death Rate","1948","Ireland","Rate per 1,000","12"
"Death Rate","1949","Ireland","Rate per 1,000","13"
"Death Rate","1950","Ireland","Rate per 1,000","13"
"Death Rate","1951","Ireland","Rate per 1,000","14"
"Death Rate","1952","Ireland","Rate per 1,000","12"
"Death Rate","1953","Ireland","Rate per 1,000","12"
"Death Rate","1954","Ireland","Rate per 1,000","12"
"Death Rate","1955","Ireland","Rate per 1,000","13"
"Death Rate","1956","Ireland","Rate per 1,000","12"
"Death Rate","1957","Ireland","Rate per 1,000","12"
"Death Rate","1958","Ireland","Rate per 1,000","12"
"Death Rate","1959","Ireland","Rate per 1,000","12"
"Death Rate","1960","Ireland","Rate per 1,000","12"
"Death Rate","1961","Ireland","Rate per 1,000","12"
"Death Rate","1962","Ireland","Rate per 1,000","12"
"Death Rate","1963","Ireland","Rate per 1,000","12"
"Death Rate","1964","Ireland","Rate per 1,000","11"
"Death Rate","1965","Ireland","Rate per 1,000","12"
"Death Rate","1966","Ireland","Rate per 1,000","12"
"Death Rate","1967","Ireland","Rate per 1,000","11"
"Death Rate","1968","Ireland","Rate per 1,000","11"
"Death Rate","1969","Ireland","Rate per 1,000","12"
"Death Rate","1970","Ireland","Rate per 1,000","11"
"Death Rate","1971","Ireland","Rate per 1,000","11"
"Death Rate","1972","Ireland","Rate per 1,000","11"
"Death Rate","1973","Ireland","Rate per 1,000","11"
"Death Rate","1974","Ireland","Rate per 1,000","11"
"Death Rate","1975","Ireland","Rate per 1,000","10"
"Death Rate","1976","Ireland","Rate per 1,000","11"
"Death Rate","1977","Ireland","Rate per 1,000","10"
"Death Rate","1978","Ireland","Rate per 1,000","10"
"Death Rate","1979","Ireland","Rate per 1,000","10"
"Death Rate","1980","Ireland","Rate per 1,000","10"
"Death Rate","1981","Ireland","Rate per 1,000","10"
"Death Rate","1982","Ireland","Rate per 1,000","9"
"Death Rate","1983","Ireland","Rate per 1,000","9"
"Death Rate","1984","Ireland","Rate per 1,000","9"
"Death Rate","1985","Ireland","Rate per 1,000","9"
"Death Rate","1986","Ireland","Rate per 1,000","10"
"Death Rate","1987","Ireland","Rate per 1,000","9"
"Death Rate","1988","Ireland","Rate per 1,000","9"
"Death Rate","1989","Ireland","Rate per 1,000","9"
"Death Rate","1990","Ireland","Rate per 1,000","9"
"Death Rate","1991","Ireland","Rate per 1,000","9"
"Death Rate","1992","Ireland","Rate per 1,000","9"
"Death Rate","1993","Ireland","Rate per 1,000","9"
"Death Rate","1994","Ireland","Rate per 1,000","9"
"Death Rate","1995","Ireland","Rate per 1,000","9"
"Death Rate","1996","Ireland","Rate per 1,000","9"
"Death Rate","1997","Ireland","Rate per 1,000","9"
"Death Rate, Urban","1923","Ireland","Rate per 1,000","15"
"Death Rate, Urban","1924","Ireland","Rate per 1,000","17"
"Death Rate, Urban","1925","Ireland","Rate per 1,000","16"
"Death Rate, Urban","1926","Ireland","Rate per 1,000","16"
"Death Rate, Urban","1927","Ireland","Rate per 1,000","16"
"Death Rate, Urban","1928","Ireland","Rate per 1,000","15"
"Death Rate, Urban","1929","Ireland","Rate per 1,000","16"
"Death Rate, Urban","1930","Ireland","Rate per 1,000","15"
"Death Rate, Urban","1931","Ireland","Rate per 1,000","15"
"Death Rate, Urban","1932","Ireland","Rate per 1,000","15"
"Death Rate, Urban","1933","Ireland","Rate per 1,000","15"
"Death Rate, Urban","1934","Ireland","Rate per 1,000","14"
"Death Rate, Urban","1935","Ireland","Rate per 1,000","14"
"Death Rate, Urban","1936","Ireland","Rate per 1,000","14"
"Death Rate, Urban","1937","Ireland","Rate per 1,000","15"
"Death Rate, Urban","1938","Ireland","Rate per 1,000","13"
"Death Rate, Urban","1939","Ireland","Rate per 1,000","13"
"Death Rate, Urban","1940","Ireland","Rate per 1,000","14"
"Death Rate, Urban","1941","Ireland","Rate per 1,000","15"
"Death Rate, Urban","1942","Ireland","Rate per 1,000","15"
"Death Rate, Urban","1943","Ireland","Rate per 1,000","15"
"Death Rate, Urban","1944","Ireland","Rate per 1,000","15"
"Death Rate, Urban","1945","Ireland","Rate per 1,000","14"
"Death Rate, Urban","1946","Ireland","Rate per 1,000","13"
"Death Rate, Urban","1947","Ireland","Rate per 1,000","14"
"Death Rate, Urban","1948","Ireland","Rate per 1,000","12"
"Death Rate, Urban","1949","Ireland","Rate per 1,000","12"
"Death Rate, Urban","1950","Ireland","Rate per 1,000","12"
"Death Rate, Urban","1951","Ireland","Rate per 1,000","12"
"Death Rate, Urban","1952","Ireland","Rate per 1,000","11"
"Death Rate, Urban","1953","Ireland","Rate per 1,000","10"
"Death Rate, Urban","1954","Ireland","Rate per 1,000","10"
"Death Rate, Urban","1955","Ireland","Rate per 1,000","11"
"Death Rate, Urban","1956","Ireland","Rate per 1,000","10"
"Death Rate, Urban","1957","Ireland","Rate per 1,000","10"
"Death Rate, Urban","1958","Ireland","Rate per 1,000","11"
"Death Rate, Urban","1959","Ireland","Rate per 1,000","10"
"Death Rate, Urban","1960","Ireland","Rate per 1,000","10"
"Death Rate, Urban","1961","Ireland","Rate per 1,000","11"
"Death Rate, Urban","1962","Ireland","Rate per 1,000","10"
"Death Rate, Urban","1963","Ireland","Rate per 1,000","10"
"Death Rate, Urban","1964","Ireland","Rate per 1,000","10"
"Death Rate, Urban","1965","Ireland","Rate per 1,000","10"
"Death Rate, Urban","1966","Ireland","Rate per 1,000","11"
"Death Rate, Urban","1967","Ireland","Rate per 1,000","10"
"Death Rate, Urban","1968","Ireland","Rate per 1,000","10"
"Death Rate, Urban","1969","Ireland","Rate per 1,000","10"
"Death Rate, Urban","1970","Ireland","Rate per 1,000","10"
"Death Rate, Urban","1971","Ireland","Rate per 1,000","10"
"Death Rate, Urban","1972","Ireland","Rate per 1,000","10"
"Death Rate, Urban","1973","Ireland","Rate per 1,000","10"
"Death Rate, Urban","1974","Ireland","Rate per 1,000","10"
"Death Rate, Urban","1975","Ireland","Rate per 1,000",""
"Death Rate, Urban","1976","Ireland","Rate per 1,000",""
"Death Rate, Urban","1977","Ireland","Rate per 1,000",""
"Death Rate, Urban","1978","Ireland","Rate per 1,000",""
"Death Rate, Urban","1979","Ireland","Rate per 1,000",""
"Death Rate, Urban","1980","Ireland","Rate per 1,000",""
"Death Rate, Urban","1981","Ireland","Rate per 1,000",""
"Death Rate, Urban","1982","Ireland","Rate per 1,000",""
"Death Rate, Urban","1983","Ireland","Rate per 1,000",""
"Death Rate, Urban","1984","Ireland","Rate per 1,000",""
"Death Rate, Urban","1985","Ireland","Rate per 1,000",""
"Death Rate, Urban","1986","Ireland","Rate per 1,000",""
"Death Rate, Urban","1987","Ireland","Rate per 1,000",""
"Death Rate, Urban","1988","Ireland","Rate per 1,000",""
"Death Rate, Urban","1989","Ireland","Rate per 1,000",""
"Death Rate, Urban","1990","Ireland","Rate per 1,000",""
"Death Rate, Urban","1991","Ireland","Rate per 1,000",""
"Death Rate, Urban","1992","Ireland","Rate per 1,000",""
"Death Rate, Urban","1993","Ireland","Rate per 1,000",""
"Death Rate, Urban","1994","Ireland","Rate per 1,000",""
"Death Rate, Urban","1995","Ireland","Rate per 1,000",""
"Death Rate, Urban","1996","Ireland","Rate per 1,000",""
"Death Rate, Urban","1997","Ireland","Rate per 1,000",""
"Death Rate, Rural","1923","Ireland","Rate per 1,000","14"
"Death Rate, Rural","1924","Ireland","Rate per 1,000","14"
"Death Rate, Rural","1925","Ireland","Rate per 1,000","14"
"Death Rate, Rural","1926","Ireland","Rate per 1,000","13"
"Death Rate, Rural","1927","Ireland","Rate per 1,000","14"
"Death Rate, Rural","1928","Ireland","Rate per 1,000","14"
"Death Rate, Rural","1929","Ireland","Rate per 1,000","14"
"Death Rate, Rural","1930","Ireland","Rate per 1,000","14"
"Death Rate, Rural","1931","Ireland","Rate per 1,000","14"
"Death Rate, Rural","1932","Ireland","Rate per 1,000","14"
"Death Rate, Rural","1933","Ireland","Rate per 1,000","13"
"Death Rate, Rural","1934","Ireland","Rate per 1,000","13"
"Death Rate, Rural","1935","Ireland","Rate per 1,000","14"
"Death Rate, Rural","1936","Ireland","Rate per 1,000","14"
"Death Rate, Rural","1937","Ireland","Rate per 1,000","16"
"Death Rate, Rural","1938","Ireland","Rate per 1,000","14"
"Death Rate, Rural","1939","Ireland","Rate per 1,000","15"
"Death Rate, Rural","1940","Ireland","Rate per 1,000","14"
"Death Rate, Rural","1941","Ireland","Rate per 1,000","15"
"Death Rate, Rural","1942","Ireland","Rate per 1,000","15"
"Death Rate, Rural","1943","Ireland","Rate per 1,000","15"
"Death Rate, Rural","1944","Ireland","Rate per 1,000","16"
"Death Rate, Rural","1945","Ireland","Rate per 1,000","15"
"Death Rate, Rural","1946","Ireland","Rate per 1,000","14"
"Death Rate, Rural","1947","Ireland","Rate per 1,000","15"
"Death Rate, Rural","1948","Ireland","Rate per 1,000","13"
"Death Rate, Rural","1949","Ireland","Rate per 1,000","13"
"Death Rate, Rural","1950","Ireland","Rate per 1,000","13"
"Death Rate, Rural","1951","Ireland","Rate per 1,000","15"
"Death Rate, Rural","1952","Ireland","Rate per 1,000","13"
"Death Rate, Rural","1953","Ireland","Rate per 1,000","13"
"Death Rate, Rural","1954","Ireland","Rate per 1,000","13"
"Death Rate, Rural","1955","Ireland","Rate per 1,000","14"
"Death Rate, Rural","1956","Ireland","Rate per 1,000","13"
"Death Rate, Rural","1957","Ireland","Rate per 1,000","13"
"Death Rate, Rural","1958","Ireland","Rate per 1,000","13"
"Death Rate, Rural","1959","Ireland","Rate per 1,000","13"
"Death Rate, Rural","1960","Ireland","Rate per 1,000","12"
"Death Rate, Rural","1961","Ireland","Rate per 1,000","13"
"Death Rate, Rural","1962","Ireland","Rate per 1,000","13"
"Death Rate, Rural","1963","Ireland","Rate per 1,000","13"
"Death Rate, Rural","1964","Ireland","Rate per 1,000","12"
"Death Rate, Rural","1965","Ireland","Rate per 1,000","13"
"Death Rate, Rural","1966","Ireland","Rate per 1,000","13"
"Death Rate, Rural","1967","Ireland","Rate per 1,000","12"
"Death Rate, Rural","1968","Ireland","Rate per 1,000","12"
"Death Rate, Rural","1969","Ireland","Rate per 1,000","13"
"Death Rate, Rural","1970","Ireland","Rate per 1,000","12"
"Death Rate, Rural","1971","Ireland","Rate per 1,000","11"
"Death Rate, Rural","1972","Ireland","Rate per 1,000","12"
"Death Rate, Rural","1973","Ireland","Rate per 1,000","12"
"Death Rate, Rural","1974","Ireland","Rate per 1,000","13"
"Death Rate, Rural","1975","Ireland","Rate per 1,000",""
"Death Rate, Rural","1976","Ireland","Rate per 1,000",""
"Death Rate, Rural","1977","Ireland","Rate per 1,000",""
"Death Rate, Rural","1978","Ireland","Rate per 1,000",""
"Death Rate, Rural","1979","Ireland","Rate per 1,000",""
"Death Rate, Rural","1980","Ireland","Rate per 1,000",""
"Death Rate, Rural","1981","Ireland","Rate per 1,000",""
"Death Rate, Rural","1982","Ireland","Rate per 1,000",""
"Death Rate, Rural","1983","Ireland","Rate per 1,000",""
"Death Rate, Rural","1984","Ireland","Rate per 1,000",""
"Death Rate, Rural","1985","Ireland","Rate per 1,000",""
"Death Rate, Rural","1986","Ireland","Rate per 1,000",""
"Death Rate, Rural","1987","Ireland","Rate per 1,000",""
"Death Rate, Rural","1988","Ireland","Rate per 1,000",""
"Death Rate, Rural","1989","Ireland","Rate per 1,000",""
"Death Rate, Rural","1990","Ireland","Rate per 1,000",""
"Death Rate, Rural","1991","Ireland","Rate per 1,000",""
"Death Rate, Rural","1992","Ireland","Rate per 1,000",""
"Death Rate, Rural","1993","Ireland","Rate per 1,000",""
"Death Rate, Rural","1994","Ireland","Rate per 1,000",""
"Death Rate, Rural","1995","Ireland","Rate per 1,000",""
"Death Rate, Rural","1996","Ireland","Rate per 1,000",""
"Death Rate, Rural","1997","Ireland","Rate per 1,000",""
"Population, Estimated","1923","Ireland","Number","3014000"
"Population, Estimated","1924","Ireland","Number","3005000"
"Population, Estimated","1925","Ireland","Number","2985000"
"Population, Estimated","1926","Ireland","Number","2971992"
"Population, Estimated","1927","Ireland","Number","2957000"
"Population, Estimated","1928","Ireland","Number","2949000"
"Population, Estimated","1929","Ireland","Number","2946000"
"Population, Estimated","1930","Ireland","Number","2946000"
"Population, Estimated","1931","Ireland","Number","2957000"
"Population, Estimated","1932","Ireland","Number",""
"Population, Estimated","1933","Ireland","Number",""
"Population, Estimated","1934","Ireland","Number",""
"Population, Estimated","1935","Ireland","Number",""
"Population, Estimated","1936","Ireland","Number",""
"Population, Estimated","1937","Ireland","Number",""
"Population, Estimated","1938","Ireland","Number",""
"Population, Estimated","1939","Ireland","Number",""
"Population, Estimated","1940","Ireland","Number",""
"Population, Estimated","1941","Ireland","Number",""
"Population, Estimated","1942","Ireland","Number",""
"Population, Estimated","1943","Ireland","Number",""
"Population, Estimated","1944","Ireland","Number",""
"Population, Estimated","1945","Ireland","Number",""
"Population, Estimated","1946","Ireland","Number",""
"Population, Estimated","1947","Ireland","Number",""
"Population, Estimated","1948","Ireland","Number",""
"Population, Estimated","1949","Ireland","Number",""
"Population, Estimated","1950","Ireland","Number",""
"Population, Estimated","1951","Ireland","Number",""
"Population, Estimated","1952","Ireland","Number",""
"Population, Estimated","1953","Ireland","Number",""
"Population, Estimated","1954","Ireland","Number",""
"Population, Estimated","1955","Ireland","Number",""
"Population, Estimated","1956","Ireland","Number",""
"Population, Estimated","1957","Ireland","Number",""
"Population, Estimated","1958","Ireland","Number",""
"Population, Estimated","1959","Ireland","Number",""
"Population, Estimated","1960","Ireland","Number",""
"Population, Estimated","1961","Ireland","Number",""
"Population, Estimated","1962","Ireland","Number",""
"Population, Estimated","1963","Ireland","Number",""
"Population, Estimated","1964","Ireland","Number",""
"Population, Estimated","1965","Ireland","Number",""
"Population, Estimated","1966","Ireland","Number",""
"Population, Estimated","1967","Ireland","Number",""
"Population, Estimated","1968","Ireland","Number",""
"Population, Estimated","1969","Ireland","Number",""
"Population, Estimated","1970","Ireland","Number",""
"Population, Estimated","1971","Ireland","Number",""
"Population, Estimated","1972","Ireland","Number",""
"Population, Estimated","1973","Ireland","Number",""
"Population, Estimated","1974","Ireland","Number",""
"Population, Estimated","1975","Ireland","Number",""
"Population, Estimated","1976","Ireland","Number",""
"Population, Estimated","1977","Ireland","Number",""
"Population, Estimated","1978","Ireland","Number",""
"Population, Estimated","1979","Ireland","Number",""
"Population, Estimated","1980","Ireland","Number",""
"Population, Estimated","1981","Ireland","Number",""
"Population, Estimated","1982","Ireland","Number",""
"Population, Estimated","1983","Ireland","Number",""
"Population, Estimated","1984","Ireland","Number",""
"Population, Estimated","1985","Ireland","Number",""
"Population, Estimated","1986","Ireland","Number",""
"Population, Estimated","1987","Ireland","Number",""
"Population, Estimated","1988","Ireland","Number",""
"Population, Estimated","1989","Ireland","Number",""
"Population, Estimated","1990","Ireland","Number",""
"Population, Estimated","1991","Ireland","Number",""
"Population, Estimated","1992","Ireland","Number",""
"Population, Estimated","1993","Ireland","Number",""
"Population, Estimated","1994","Ireland","Number",""
"Population, Estimated","1995","Ireland","Number",""
"Population, Estimated","1996","Ireland","Number",""
"Population, Estimated","1997","Ireland","Number",""
